{
    "installsFound": [
        {
            "_profile": "Try 3",
            "name": "Satisfactory Experimental (Epic Games)",
            "version": "184566.647",
            "branch": "Test",
            "installLocation": "C:\\Program Files\\Epic Games\\SatisfactoryExperimental",
            "launchPath": "start \"\" \"com.epicgames.launcher://apps/CrabTest?action=launch&silent=true\""
        }
    ],
    "selectedInstall": {
        "_profile": "Try 3",
        "name": "Satisfactory Experimental (Epic Games)",
        "version": "184566.647",
        "branch": "Test",
        "installLocation": "C:\\Program Files\\Epic Games\\SatisfactoryExperimental",
        "launchPath": "start \"\" \"com.epicgames.launcher://apps/CrabTest?action=launch&silent=true\""
    },
    "profiles": [
        {
            "name": "development",
            "items": [
                {
                    "id": "SML",
                    "enabled": true
                }
            ]
        },
        {
            "name": "modded",
            "items": []
        },
        {
            "name": "Try 3",
            "items": []
        }
    ],
    "selectedProfile": {
        "name": "Try 3",
        "items": []
    },
    "installedMods": {
        "CheapPowerShard": "2.0.1",
        "ContentLib": "0.2.0",
        "KBFL": "1.12.3",
        "AutoSplittersContinued": "0.5.1",
        "allFluidsAreGasses": "2.0.2",
        "AutoShards": "0.1.0",
        "AllPolesHaveLights": "1.0.1",
        "ContainerScreen": "1.0.11",
        "NoRadiationDamage": "1.0.2",
        "StackableInsteadPole": "1.0.1",
        "Additional500InventorySlots": "1.0.1",
        "NoneEquipment": "2.0.5",
        "MoreRelevantAltUnlocks": "1.0.1",
        "PermaDay": "1.0.2",
        "UtilityMod": "0.5.4",
        "Miner_Mk4": "2.5.0",
        "EquipmentAutomation": "2.1.0",
        "RoutingNonRoutable": "2.0.3",
        "OrganizedCrates": "2.0.3",
        "CraftHardDrive": "1.0.0",
        "MK22k20": "5.1.5",
        "CraftableSlugs": "1.0.2",
        "ShopForShardsAndHD": "1.0.2",
        "RegenAllHealth": "2.0.2",
        "AllNodesPure": "1.0.2",
        "DifficultyTuner": "1.3.1"
    },
    "smlVersion": "3.3.0",
    "smmVersion": "2.8.1",
    "modsEnabled": true
}